Recall,Precision,Data Source
0.8521647307286166,0.6820919175911252,cDNA PacBio
0.48943754951148666,0.738593345287906,CapTrap PacBio
0.40644820295983086,0.8338303063160748,cDNA ONT
0.3554821664464993,0.7468776019983348,CapTrap ONT
0.5132170235263018,0.6988840892728582,R2C2 ONT
0.813993399339934,0.786981493299298,dRNA ONT
