data source,"% of read in proximity
of annotated TES"
cDNA PacBio,0.3461727396681412
CapTrap PacBio,0.45726749846077747
cDNA ONT,0.2735622217359923
CapTrap ONT,0.3367984027217065
R2C2 ONT,0.3058779598719411
dRNA ONT,0.34217521863269224
Quantseq3,0.34506585784256794
