data source,"% of read in proximity
of annotated TES"
cDNA PacBio,0.344148133904957
CapTrap PacBio,0.44965999493700437
cDNA ONT,0.27175495923795706
CapTrap ONT,0.33365620190367457
R2C2 ONT,0.30707398255387813
dRNA ONT,0.34497714958945036
Quantseq3,0.3442720499153513
