Uncorrected,Corrected,Data Source
0.5983907354489397,0.9182544041231887,cDNA ONT
0.6868952898450279,0.8757425177061915,CapTrap ONT
0.776502470907062,0.9620583787746873,R2C2 ONT
0.5520416818126742,0.908498525276082,dRNA ONT
0.6090743602226785,0.960579379983376,cDNA PacBio
0.7674612771347958,0.9201874205844981,CapTrap PacBio
