Uncorrected,Corrected,Data Source
0.6648292976387427,0.9065100756199569,cDNA ONT
0.6334913550127989,0.9284755540324423,CapTrap ONT
0.7160316701206227,0.9599046877147963,R2C2 ONT
0.7471626479260067,0.9792166815282255,dRNA ONT
0.7356962936308025,0.971292676169073,cDNA PacBio
0.7035757471065814,0.9643821473951716,CapTrap PacBio
